ID,genotype,root_hair,oryzalin_treated,time,nuc_to_tip_length,tip_growth,root_hair_length
IT3a4_17.3.6_2,iT3,T1,no,0,72.012,0,120.361
IT3a4_17.3.6_2,iT3,T1,no,1,68.813,0.71,121.071
IT3a4_17.3.6_2,iT3,T1,no,2,69.621,0.036,121.107
IT3a4_17.3.6_2,iT3,T1,no,3,70.024,0.95,122.057
IT3a4_17.3.6_2,iT3,T1,no,4,69.217,0.032,122.089
IT3a4_17.3.6_2,iT3,T1,no,5,67.698,0.925,123.014
IT3a4_17.3.6_2,iT3,T1,no,6,72.512,0.303,123.317
IT3a4_17.3.6_2,iT3,T1,no,7,68.833,0.641,123.958
IT3a4_17.3.6_2,iT3,T1,no,8,63.988,1.211,125.169
IT3a4_17.3.6_2,iT3,T1,no,9,62.426,0.643,125.812
IT3a4_17.3.6_2,iT3,T1,no,10,62.332,1.211,127.023
IT3a4_17.3.6_2,iT3,T1,no,11,56.295,1.173,128.196
IT3a4_17.3.6_2,iT3,T1,no,12,53.396,1.834,130.03
IT3a4_17.3.6_2,iT3,T1,no,13,55.917,0.946,130.976
IT3a4_17.3.6_2,iT3,T1,no,14,55.407,1.554,132.53
IT3a4_17.3.6_2,iT3,T1,no,15,55.804,0.887,133.417
IT3a4_17.3.6_2,iT3,T1,no,16,56.607,0.888,134.305
IT3a4_17.3.6_2,iT3,T1,no,17,54.609,1.211,135.516
IT3a4_17.3.6_2,iT3,T1,no,18,51.39,1.27,136.786
IT3a4_17.3.6_2,iT3,T1,no,19,53.79,1.19,137.976
IT3a4_17.3.6_2,iT3,B1,no,0,46.19,0,79.336
IT3a4_17.3.6_2,iT3,B1,no,1,43.723,0.678,80.014
IT3a4_17.3.6_2,iT3,B1,no,2,42.466,0.407,80.421
IT3a4_17.3.6_2,iT3,B1,no,3,44.321,1.36,81.781
IT3a4_17.3.6_2,iT3,B1,no,4,45.558,1.627,83.408
IT3a4_17.3.6_2,iT3,B1,no,5,45.725,1.224,84.632
IT3a4_17.3.6_2,iT3,B1,no,6,45.177,2.166,86.798
IT3a4_17.3.6_2,iT3,B1,no,7,46.515,1.224,88.022
IT3a4_17.3.6_2,iT3,B1,no,8,46.351,0.81,88.832
IT3a4_17.3.6_2,iT3,B1,no,9,51.367,1.494,90.326
IT3a4_17.3.6_2,iT3,B1,no,10,51.088,0.403,90.729
IT3a4_17.3.6_2,iT3,B1,no,11,49.794,2.034,92.763
IT3a4_17.3.6_2,iT3,B1,no,12,49.648,1.491,94.254
IT3a4_17.3.6_2,iT3,B1,no,13,48.841,1.087,95.341
IT3a4_17.3.6_2,iT3,B1,no,14,48.38,0.544,95.885
IT3a4_17.3.6_2,iT3,B1,no,15,49.455,1.901,97.786
IT3a4_17.3.6_2,iT3,B1,no,16,48.316,0.951,98.737
IT3a4_17.3.6_2,iT3,B1,no,17,49.228,0.811,99.548
IT3a4_17.3.6_2,iT3,B1,no,18,49.797,1.083,100.631
IT3a4_17.3.6_2,iT3,B1,no,19,49.589,2.58,103.211
IT3a4_17.3.6_2,iT3,T1,yes,0,59.246,0,146.363
IT3a4_17.3.6_2,iT3,T1,yes,1,69.842,0.303,146.666
IT3a4_17.3.6_2,iT3,T1,yes,2,65.862,1.196,147.862
IT3a4_17.3.6_2,iT3,T1,yes,3,71.922,0.621,148.483
IT3a4_17.3.6_2,iT3,T1,yes,4,77.401,0.924,149.407
IT3a4_17.3.6_2,iT3,T1,yes,5,82.578,1.228,150.635
IT3a4_17.3.6_2,iT3,T1,yes,6,83.805,0.908,151.543
IT3a4_17.3.6_2,iT3,T1,yes,7,89.664,0.925,152.468
IT3a4_17.3.6_2,iT3,T1,yes,8,95.012,0.606,153.074
IT3a4_17.3.6_2,iT3,T1,yes,9,101.957,0.925,153.999
IT3a4_17.3.6_2,iT3,T1,yes,10,101.114,1.497,155.496
IT3a4_17.3.6_2,iT3,T1,yes,11,104.101,0.862,156.358
IT3a4_17.3.6_2,iT3,T1,yes,12,104.748,0.591,156.949
IT3a4_17.3.6_2,iT3,T1,yes,13,109.609,1.212,158.161
IT3a4_17.3.6_2,iT3,T1,yes,14,111.689,1.212,159.373
IT3a4_17.3.6_2,iT3,T1,yes,15,115.022,0.895,160.268
IT3a4_17.3.6_2,iT3,T1,yes,16,121.658,1.212,161.48
IT3a4_17.3.6_2,iT3,T1,yes,17,122.567,0.619,162.099
IT3a4_17.3.6_2,iT3,T1,yes,18,125.295,1.199,163.298
IT3a4_17.3.6_2,iT3,T1,yes,19,126.811,0.329,163.627
IT3a4_17.3.6_2,iT3,B1,yes,0,45.725,0,105.182
IT3a4_17.3.6_2,iT3,B1,yes,1,49.22,0.252,105.434
IT3a4_17.3.6_2,iT3,B1,yes,2,45.954,1.355,106.789
IT3a4_17.3.6_2,iT3,B1,yes,3,44.487,1.229,108.018
IT3a4_17.3.6_2,iT3,B1,yes,4,53.103,0.381,108.399
IT3a4_17.3.6_2,iT3,B1,yes,5,61.608,0.678,109.077
IT3a4_17.3.6_2,iT3,B1,yes,6,52.146,0.423,109.5
IT3a4_17.3.6_2,iT3,B1,yes,7,52.428,0.127,109.627
IT3a4_17.3.6_2,iT3,B1,yes,8,60.161,1.209,110.836
IT3a4_17.3.6_2,iT3,B1,yes,9,64.279,0.422,111.258
IT3a4_17.3.6_2,iT3,B1,yes,10,67.472,0.149,111.407
IT3a4_17.3.6_2,iT3,B1,yes,11,71.873,0.426,111.833
IT3a4_17.3.6_2,iT3,B1,yes,12,73.657,0.276,112.109
IT3a4_17.3.6_2,iT3,B1,yes,13,72.762,0.251,112.36
IT3a4_17.3.6_2,iT3,B1,yes,14,73.222,0.303,112.663
IT3a4_17.3.6_2,iT3,B1,yes,15,73.969,0.651,113.314
IT3a4_17.3.6_2,iT3,B1,yes,16,73.612,0.276,113.59
IT3a4_17.3.6_2,iT3,B1,yes,17,73.075,1.105,114.695
IT3a4_17.3.6_2,iT3,B1,yes,18,73.66,-0.524,114.171
IT3a4_17.3.6_2,iT3,B1,yes,19,75.006,1.632,115.803
iT3a4_17.3.7_1,iT3,B1,yes,0,60.57,0,65.116
iT3a4_17.3.7_1,iT3,B1,yes,1,61.822,1.411,66.527
iT3a4_17.3.7_1,iT3,B1,yes,2,66.912,1.612,68.139
iT3a4_17.3.7_1,iT3,B1,yes,3,71.791,1.612,69.751
iT3a4_17.3.7_1,iT3,B1,yes,4,73.844,0.822,70.573
iT3a4_17.3.7_1,iT3,B1,yes,5,75.285,1.024,71.597
iT3a4_17.3.7_1,iT3,B1,yes,6,69.911,1.193,72.79
iT3a4_17.3.7_1,iT3,B1,yes,7,70.118,0.187,72.977
iT3a4_17.3.7_1,iT3,B1,yes,8,72.764,1.442,74.419
iT3a4_17.3.7_1,iT3,B1,yes,9,70.689,1.395,75.814
iT3a4_17.3.7_1,iT3,B1,yes,10,70.666,2.197,78.011
iT3a4_17.3.7_1,iT3,B1,yes,11,76.156,1.642,79.653
iT3a4_17.3.7_1,iT3,B1,yes,12,80.725,1.412,81.065
iT3a4_17.3.7_1,iT3,B1,yes,13,84.127,0.619,81.684
iT3a4_17.3.7_1,iT3,B1,yes,14,74.443,1.426,83.11
iT3a4_17.3.7_1,iT3,B1,yes,15,74.174,0.821,83.931
iT3a4_17.3.7_1,iT3,B1,yes,16,72.403,0.838,84.769
iT3a4_17.3.7_1,iT3,B1,yes,17,76.428,0.838,85.607
iT3a4_17.3.7_1,iT3,B1,yes,18,76.728,1.024,86.631
iT3a4_17.3.7_1,iT3,B1,yes,19,73.001,1.042,87.673
iT3a4_17.3.7_1,iT3,B1,no,0,49.866,0,96.785
iT3a4_17.3.7_1,iT3,B1,no,1,51.322,1.577,98.362
iT3a4_17.3.7_1,iT3,B1,no,2,49.845,0.582,98.944
iT3a4_17.3.7_1,iT3,B1,no,3,54.687,1.003,99.947
iT3a4_17.3.7_1,iT3,B1,no,4,55.88,1.061,101.008
iT3a4_17.3.7_1,iT3,B1,no,5,54.99,0.664,101.672
iT3a4_17.3.7_1,iT3,B1,no,6,53.517,1.277,102.949
iT3a4_17.3.7_1,iT3,B1,no,7,55.052,0.219,103.168
iT3a4_17.3.7_1,iT3,B1,no,8,56.698,0.638,103.806
iT3a4_17.3.7_1,iT3,B1,no,9,57.031,0.429,104.235
iT3a4_17.3.7_1,iT3,B1,no,10,56.285,1.068,105.303
iT3a4_17.3.7_1,iT3,B1,no,11,56.366,0.009,105.312
iT3a4_17.3.7_1,iT3,B1,no,12,55.355,0.63,105.942
iT3a4_17.3.7_1,iT3,B1,no,13,56.497,0.212,106.154
iT3a4_17.3.7_1,iT3,B1,no,14,54.654,0.857,107.011
iT3a4_17.3.7_1,iT3,B1,no,15,57.494,0.007,107.018
iT3a4_17.3.7_1,iT3,B1,no,16,55.558,1.286,108.304
iT3a4_17.3.7_1,iT3,B1,no,17,56.696,0.858,109.162
iT3a4_17.3.7_1,iT3,B1,no,18,56.834,0.437,109.599
iT3a4_17.3.7_1,iT3,B1,no,19,52.946,0.414,110.013
Wta5_17.3.7_1,WT,T1,no,0,66.587,0,78.853
Wta5_17.3.7_1,WT,T1,no,1,66.886,1.721,80.574
Wta5_17.3.7_1,WT,T1,no,2,67.804,1.168,81.742
Wta5_17.3.7_1,WT,T1,no,3,66.768,1.169,82.911
Wta5_17.3.7_1,WT,T1,no,4,66.886,1.862,84.773
Wta5_17.3.7_1,WT,T1,no,5,64.734,0.638,85.411
Wta5_17.3.7_1,WT,T1,no,6,64.152,1.224,86.635
Wta5_17.3.7_1,WT,T1,no,7,62.875,1.614,88.249
Wta5_17.3.7_1,WT,T1,no,8,59.486,1.577,89.826
Wta5_17.3.7_1,WT,T1,no,9,60.495,1.171,90.997
Wta5_17.3.7_1,WT,T1,no,10,63.871,1.578,92.575
Wta5_17.3.7_1,WT,T1,no,11,64.483,0.585,93.16
Wta5_17.3.7_1,WT,T1,no,12,62.704,1.418,94.578
Wta5_17.3.7_1,WT,T1,no,13,66.5,1.171,95.749
Wta5_17.3.7_1,WT,T1,no,14,63.205,1.667,97.416
Wta5_17.3.7_1,WT,T1,no,15,61.893,1.368,98.784
Wta5_17.3.7_1,WT,T1,no,16,62.16,1.616,100.4
Wta5_17.3.7_1,WT,T1,no,17,59.261,1.225,101.625
Wta5_17.3.7_1,WT,T1,no,18,58.984,1.42,103.045
Wta5_17.3.7_1,WT,T1,no,19,61.427,1.863,104.908
Wta5_17.3.7_1,WT,B1,no,0,48.823,0,114.087
Wta5_17.3.7_1,WT,B1,no,1,51.61,2.244,116.331
Wta5_17.3.7_1,WT,B1,no,2,49.766,1.407,117.738
Wta5_17.3.7_1,WT,B1,no,3,47.634,1.243,118.981
Wta5_17.3.7_1,WT,B1,no,4,46.422,1.047,120.028
Wta5_17.3.7_1,WT,B1,no,5,47.96,1.414,121.442
Wta5_17.3.7_1,WT,B1,no,6,47.008,1.615,123.057
Wta5_17.3.7_1,WT,B1,no,7,43.374,1.858,124.915
Wta5_17.3.7_1,WT,B1,no,8,43.366,0.819,125.734
Wta5_17.3.7_1,WT,B1,no,9,42.162,2.199,127.933
Wta5_17.3.7_1,WT,B1,no,10,43.382,1.48,129.413
Wta5_17.3.7_1,WT,B1,no,11,39.138,1.401,130.814
Wta5_17.3.7_1,WT,B1,no,12,40.047,1.592,132.406
Wta5_17.3.7_1,WT,B1,no,13,40.07,1.043,133.449
Wta5_17.3.7_1,WT,B1,no,14,40.039,0.796,134.245
Wta5_17.3.7_1,WT,B1,no,15,38.21,2.232,136.477
Wta5_17.3.7_1,WT,B1,no,16,40.64,0.403,136.88
Wta5_17.3.7_1,WT,B1,no,17,41.242,1.021,137.901
Wta5_17.3.7_1,WT,B1,no,18,41.246,1.413,139.314
Wta5_17.3.7_1,WT,B1,no,19,39.424,1.211,140.525
Wta5_17.3.7_1,WT,B2,no,0,58.047,0,73.903
Wta5_17.3.7_1,WT,B2,no,1,53.458,1.676,75.579
Wta5_17.3.7_1,WT,B2,no,2,50.73,0.726,76.305
Wta5_17.3.7_1,WT,B2,no,3,50.316,0.901,77.206
Wta5_17.3.7_1,WT,B2,no,4,47.761,2.873,80.079
Wta5_17.3.7_1,WT,B2,no,5,49.22,0.739,80.818
Wta5_17.3.7_1,WT,B2,no,6,48.88,1.242,82.06
Wta5_17.3.7_1,WT,B2,no,7,53.103,0.821,82.881
Wta5_17.3.7_1,WT,B2,no,8,50.373,1.529,84.41
Wta5_17.3.7_1,WT,B2,no,9,47.424,1.042,85.452
Wta5_17.3.7_1,WT,B2,no,10,47.387,2.105,87.557
Wta5_17.3.7_1,WT,B2,no,11,46.19,0.486,88.043
Wta5_17.3.7_1,WT,B2,no,12,43.88,1.531,89.574
Wta5_17.3.7_1,WT,B2,no,13,43.023,0.673,90.247
Wta5_17.3.7_1,WT,B2,no,14,43.203,1.245,91.492
Wta5_17.3.7_1,WT,B2,no,15,42.091,1.345,92.837
Wta5_17.3.7_1,WT,B2,no,16,40.306,1.146,93.983
Wta5_17.3.7_1,WT,B2,no,17,42.292,0.099,94.082
Wta5_17.3.7_1,WT,B2,no,18,41.452,1.819,95.901
Wta5_17.3.7_1,WT,B2,no,19,42.578,1.246,97.147
Wta5_17.3.7_1,WT,T1,yes,0,59.65,0,123.302
Wta5_17.3.7_1,WT,T1,yes,1,62.704,0.647,123.949
Wta5_17.3.7_1,WT,T1,yes,2,65.148,1.144,125.093
Wta5_17.3.7_1,WT,T1,yes,3,62.316,0.909,126.002
Wta5_17.3.7_1,WT,T1,yes,4,63.871,0.252,126.254
Wta5_17.3.7_1,WT,T1,yes,5,71.147,1.801,128.055
Wta5_17.3.7_1,WT,T1,yes,6,69.758,0.639,128.694
Wta5_17.3.7_1,WT,T1,yes,7,71.147,0.445,129.139
Wta5_17.3.7_1,WT,T1,yes,8,74.047,1.22,130.359
Wta5_17.3.7_1,WT,T1,yes,9,69.093,0.445,130.804
Wta5_17.3.7_1,WT,T1,yes,10,70.37,1.608,132.412
Wta5_17.3.7_1,WT,T1,yes,11,71.424,1.142,133.554
Wta5_17.3.7_1,WT,T1,yes,12,75.597,0.891,134.445
Wta5_17.3.7_1,WT,T1,yes,13,81.871,0.832,135.277
Wta5_17.3.7_1,WT,T1,yes,14,79.589,1.278,136.555
Wta5_17.3.7_1,WT,T1,yes,15,78.272,0.891,137.446
Wta5_17.3.7_1,WT,T1,yes,16,79.315,0.95,138.396
Wta5_17.3.7_1,WT,T1,yes,17,81.484,0.698,139.094
Wta5_17.3.7_1,WT,T1,yes,18,81.601,0.951,140.045
Wta5_17.3.7_1,WT,T1,yes,19,78.514,1.219,141.264
Wta5_17.3.7_1,WT,B1,yes,0,44.897,0,140.134
Wta5_17.3.7_1,WT,B1,yes,1,48.838,1.617,141.751
Wta5_17.3.7_1,WT,B1,yes,2,50.96,1.217,142.968
Wta5_17.3.7_1,WT,B1,yes,3,56.122,0.4,143.368
Wta5_17.3.7_1,WT,B1,yes,4,54.336,0.414,143.782
Wta5_17.3.7_1,WT,B1,yes,5,54.956,0.404,144.186
Wta5_17.3.7_1,WT,B1,yes,6,57.127,1.01,145.196
Wta5_17.3.7_1,WT,B1,yes,7,58.925,0.005,145.201
Wta5_17.3.7_1,WT,B1,yes,8,60.844,1.42,146.621
Wta5_17.3.7_1,WT,B1,yes,9,64.997,0.188,146.809
Wta5_17.3.7_1,WT,B1,yes,10,61.686,1.212,148.021
Wta5_17.3.7_1,WT,B1,yes,11,63.219,0.198,148.219
Wta5_17.3.7_1,WT,B1,yes,12,65.639,0.805,149.024
Wta5_17.3.7_1,WT,B1,yes,13,63.502,0.408,149.432
Wta5_17.3.7_1,WT,B1,yes,14,63.804,0.813,150.245
Wta5_17.3.7_1,WT,B1,yes,15,63.262,0.606,150.851
Wta5_17.3.7_1,WT,B1,yes,16,64.45,0.404,151.255
Wta5_17.3.7_1,WT,B1,yes,17,64.574,0.616,151.871
Wta5_17.3.7_1,WT,B1,yes,18,66.309,0.611,152.482
Wta5_17.3.7_1,WT,B1,yes,19,68.776,0.612,153.094
Wta5_17.3.7_1,WT,B2,yes,0,45.028,0,106.183
Wta5_17.3.7_1,WT,B2,yes,1,42.041,0.028,106.211
Wta5_17.3.7_1,WT,B2,yes,2,46.662,1.44,107.651
Wta5_17.3.7_1,WT,B2,yes,3,42.474,1.781,109.432
Wta5_17.3.7_1,WT,B2,yes,4,46.405,1.27,110.702
Wta5_17.3.7_1,WT,B2,yes,5,45.177,-0.961,109.741
Wta5_17.3.7_1,WT,B2,yes,6,48.841,1.724,111.465
Wta5_17.3.7_1,WT,B2,yes,7,45.863,0.873,112.338
Wta5_17.3.7_1,WT,B2,yes,8,48.187,1.102,113.44
Wta5_17.3.7_1,WT,B2,yes,9,44.998,1.781,115.221
Wta5_17.3.7_1,WT,B2,yes,10,46.52,-0.708,114.513
Wta5_17.3.7_1,WT,B2,yes,11,47.059,1.784,116.297
Wta5_17.3.7_1,WT,B2,yes,12,44.372,2.028,118.325
Wta5_17.3.7_1,WT,B2,yes,13,47.466,1.61,119.935
Wta5_17.3.7_1,WT,B2,yes,14,45.432,1.613,121.548
Wta5_17.3.7_1,WT,B2,yes,15,46.258,0.366,121.914
Wta5_17.3.7_1,WT,B2,yes,16,47.876,0.695,122.609
Wta5_17.3.7_1,WT,B2,yes,17,44.364,1.285,123.894
Wta5_17.3.7_1,WT,B2,yes,18,34.316,0.502,124.396
Wta5_17.3.7_1,WT,B2,yes,19,28.762,1.383,125.779
Wta5_17.3.25_1,WT,T1,no,0,59.456,0,248.695
Wta5_17.3.25_1,WT,T1,no,1,67.668,1.946,250.641
Wta5_17.3.25_1,WT,T1,no,2,61.232,1.262,251.903
Wta5_17.3.25_1,WT,T1,no,3,66.231,1.852,253.755
Wta5_17.3.25_1,WT,T1,no,4,62.74,1.241,254.996
Wta5_17.3.25_1,WT,T1,no,5,54.669,0.848,255.844
Wta5_17.3.25_1,WT,T1,no,6,53.331,1.524,257.368
Wta5_17.3.25_1,WT,T1,no,7,53.91,2.308,259.676
Wta5_17.3.25_1,WT,T1,no,8,51.819,0.831,260.507
Wta5_17.3.25_1,WT,T1,no,9,49.737,1.744,262.251
Wta5_17.3.25_1,WT,T1,no,10,49.903,1.019,263.27
Wta5_17.3.25_1,WT,T1,no,11,58.325,0.11,263.38
Wta5_17.3.25_1,WT,T1,no,12,50.635,2.026,265.406
Wta5_17.3.25_1,WT,T1,no,13,52.237,1.069,266.475
Wta5_17.3.25_1,WT,T1,no,14,58.504,0.675,267.15
Wta5_17.3.25_1,WT,T1,no,15,52.936,0.737,267.887
Wta5_17.3.25_1,WT,T1,no,16,53.702,1.118,269.005
Wta5_17.3.25_1,WT,T1,no,17,56.587,0.515,269.52
Wta5_17.3.25_1,WT,T1,no,18,62.16,0.272,269.792
Wta5_17.3.25_1,WT,T1,no,19,69.433,1.915,271.707
Wta5_17.3.25_1,WT,T2,no,0,44.479,0,103.362
Wta5_17.3.25_1,WT,T2,no,1,45.754,1.512,104.874
Wta5_17.3.25_1,WT,T2,no,2,47.314,2.118,106.992
Wta5_17.3.25_1,WT,T2,no,3,47.718,1.253,108.245
Wta5_17.3.25_1,WT,T2,no,4,47.754,0.562,108.807
Wta5_17.3.25_1,WT,T2,no,5,44.102,1.577,110.384
Wta5_17.3.25_1,WT,T2,no,6,47.307,0.541,110.925
Wta5_17.3.25_1,WT,T2,no,7,46.094,0.571,111.496
Wta5_17.3.25_1,WT,T2,no,8,44.477,0.633,112.129
Wta5_17.3.25_1,WT,T2,no,9,45.706,1.811,113.94
Wta5_17.3.25_1,WT,T2,no,10,44.08,0.245,114.185
Wta5_17.3.25_1,WT,T2,no,11,44.881,0.879,115.064
Wta5_17.3.25_1,WT,T2,no,12,43.266,0.881,115.945
Wta5_17.3.25_1,WT,T2,no,13,44.523,0.354,116.299
Wta5_17.3.25_1,WT,T2,no,14,46.584,2.693,118.992
Wta5_17.3.25_1,WT,T2,no,15,49.355,0.105,119.097
Wta5_17.3.25_1,WT,T2,no,16,47.447,1.229,120.326
Wta5_17.3.25_1,WT,T2,no,17,45.401,1.211,121.537
Wta5_17.3.25_1,WT,T2,no,18,50.621,0.605,122.142
Wta5_17.3.25_1,WT,T2,no,19,50.645,0.019,122.161
Wta5_17.3.25_1,WT,T3,no,0,58.872,0,98.132
Wta5_17.3.25_1,WT,T3,no,1,60.587,1.886,100.018
Wta5_17.3.25_1,WT,T3,no,2,58.387,2.251,102.269
Wta5_17.3.25_1,WT,T3,no,3,56.775,0.537,102.806
Wta5_17.3.25_1,WT,T3,no,4,58.478,0.979,103.785
Wta5_17.3.25_1,WT,T3,no,5,56.529,1.874,105.659
Wta5_17.3.25_1,WT,T3,no,6,56.958,1.876,107.535
Wta5_17.3.25_1,WT,T3,no,7,54.685,1.575,109.11
Wta5_17.3.25_1,WT,T3,no,8,50.626,0.85,109.96
Wta5_17.3.25_1,WT,T3,no,9,51.212,0.425,110.385
Wta5_17.3.25_1,WT,T3,no,10,49.355,1.333,111.718
Wta5_17.3.25_1,WT,T3,no,11,51.28,1.516,113.234
Wta5_17.3.25_1,WT,T3,no,12,47.335,1.275,114.509
Wta5_17.3.25_1,WT,T3,no,13,47.954,1.033,115.542
Wta5_17.3.25_1,WT,T3,no,14,48.197,0.184,115.726
Wta5_17.3.25_1,WT,T3,no,15,48.278,1.035,116.761
Wta5_17.3.25_1,WT,T3,no,16,47.388,1.147,117.908
Wta5_17.3.25_1,WT,T3,no,17,46.101,0.241,118.149
Wta5_17.3.25_1,WT,T3,no,18,45.043,1.696,119.845
Wta5_17.3.25_1,WT,T3,no,19,47.236,0.487,120.332
Wta5_17.3.25_1,WT,T1,yes,0,64.489,0,269.572
Wta5_17.3.25_1,WT,T1,yes,1,61.687,0.945,270.517
Wta5_17.3.25_1,WT,T1,yes,2,65.684,0.006,270.523
Wta5_17.3.25_1,WT,T1,yes,3,69.284,1.228,271.751
Wta5_17.3.25_1,WT,T1,yes,4,64.329,0.169,271.92
Wta5_17.3.25_1,WT,T1,yes,5,59.601,0.149,272.069
Wta5_17.3.25_1,WT,T1,yes,6,59.918,0.904,272.973
Wta5_17.3.25_1,WT,T1,yes,7,70.942,0.001,272.974
Wta5_17.3.25_1,WT,T1,yes,8,79.676,0.547,273.521
Wta5_17.3.25_1,WT,T1,yes,9,72.603,0.356,273.877
Wta5_17.3.25_1,WT,T1,yes,10,70.942,0.166,274.043
Wta5_17.3.25_1,WT,T1,yes,11,84.48,0.19,274.233
Wta5_17.3.25_1,WT,T1,yes,12,82.904,0.904,275.137
Wta5_17.3.25_1,WT,T1,yes,13,75.958,0.166,275.303
Wta5_17.3.25_1,WT,T1,yes,14,71.397,0.573,275.876
Wta5_17.3.25_1,WT,T1,yes,15,73.816,0.165,276.041
Wta5_17.3.25_1,WT,T1,yes,16,85.45,0.547,276.588
Wta5_17.3.25_1,WT,T1,yes,17,95.915,0.904,277.492
Wta5_17.3.25_1,WT,T1,yes,18,91.726,0.547,278.039
Wta5_17.3.25_1,WT,T1,yes,19,92.016,0.192,278.231
Wta5_17.3.25_1,WT,T2,yes,0,63.16,0,112.974
Wta5_17.3.25_1,WT,T2,yes,1,62.189,0.223,113.197
Wta5_17.3.25_1,WT,T2,yes,2,62.977,1.393,114.59
Wta5_17.3.25_1,WT,T2,yes,3,61.006,0.59,115.18
Wta5_17.3.25_1,WT,T2,yes,4,57.485,0.223,115.403
Wta5_17.3.25_1,WT,T2,yes,5,67.175,0.366,115.769
Wta5_17.3.25_1,WT,T2,yes,6,74.336,0.379,116.148
Wta5_17.3.25_1,WT,T2,yes,7,71.686,0.73,116.878
Wta5_17.3.25_1,WT,T2,yes,8,72.674,0.66,117.538
Wta5_17.3.25_1,WT,T2,yes,9,72.583,0.365,117.903
Wta5_17.3.25_1,WT,T2,yes,10,71.982,0.173,118.076
Wta5_17.3.25_1,WT,T2,yes,11,77.57,0.295,118.371
Wta5_17.3.25_1,WT,T2,yes,12,77.282,0.366,118.737
Wta5_17.3.25_1,WT,T2,yes,13,76.59,0.295,119.032
Wta5_17.3.25_1,WT,T2,yes,14,80.324,0.295,119.327
Wta5_17.3.25_1,WT,T2,yes,15,79.139,0.295,119.622
Wta5_17.3.25_1,WT,T2,yes,16,80.925,0.955,120.577
Wta5_17.3.25_1,WT,T2,yes,17,81.984,0.59,121.167
Wta5_17.3.25_1,WT,T2,yes,18,77.67,0.437,121.604
Wta5_17.3.25_1,WT,T2,yes,19,84.476,0.106,121.71
Wta5_17.3.25_1,WT,T3,yes,0,57.627,0,96.592
Wta5_17.3.25_1,WT,T3,yes,1,61.793,0.758,97.35
Wta5_17.3.25_1,WT,T3,yes,2,65.301,0.213,97.563
Wta5_17.3.25_1,WT,T3,yes,3,65.015,0.875,98.438
Wta5_17.3.25_1,WT,T3,yes,4,65.015,0.522,98.96
Wta5_17.3.25_1,WT,T3,yes,5,60.748,0.118,99.078
Wta5_17.3.25_1,WT,T3,yes,6,62.872,0.236,99.314
Wta5_17.3.25_1,WT,T3,yes,7,67.343,0.308,99.622
Wta5_17.3.25_1,WT,T3,yes,8,72.498,0.001,99.623
Wta5_17.3.25_1,WT,T3,yes,9,68.194,0.808,100.431
Wta5_17.3.25_1,WT,T3,yes,10,66.057,0.331,100.762
Wta5_17.3.25_1,WT,T3,yes,11,72.559,0.64,101.402
Wta5_17.3.25_1,WT,T3,yes,12,72.968,0.523,101.925
Wta5_17.3.25_1,WT,T3,yes,13,72.54,0.779,102.704
Wta5_17.3.25_1,WT,T3,yes,14,66.937,1.761,104.465
Wta5_17.3.25_1,WT,T3,yes,15,67.38,0.504,104.969
Wta5_17.3.25_1,WT,T3,yes,16,68.275,0.952,105.921
Wta5_17.3.25_1,WT,T3,yes,17,72.509,0.585,106.506
Wta5_17.3.25_1,WT,T3,yes,18,70.354,0.855,107.361
Wta5_17.3.25_1,WT,T3,yes,19,71.621,0.268,107.629
Wta10_17.3.27_3,WT,T1,no,0,47.954,0,93.197
Wta10_17.3.27_3,WT,T1,no,1,47.378,2.446,95.643
Wta10_17.3.27_3,WT,T1,no,2,44.62,0.831,96.474
Wta10_17.3.27_3,WT,T1,no,3,46.988,1.053,97.527
Wta10_17.3.27_3,WT,T1,no,4,52.278,3.444,100.971
Wta10_17.3.27_3,WT,T1,no,5,54.164,1.338,102.309
Wta10_17.3.27_3,WT,T1,no,6,46.794,2.273,104.582
Wta10_17.3.27_3,WT,T1,no,7,51.191,1.277,105.859
Wta10_17.3.27_3,WT,T1,no,8,50.671,0.838,106.697
Wta10_17.3.27_3,WT,T1,no,9,59.733,1.665,108.362
Wta10_17.3.27_3,WT,T1,no,10,52.764,3.175,111.537
Wta10_17.3.27_3,WT,T1,no,11,60.312,0.932,112.469
Wta10_17.3.27_3,WT,T1,no,12,48.217,1.278,113.747
Wta10_17.3.27_3,WT,T1,no,13,49.917,0.23,113.977
Wta10_17.3.27_3,WT,T1,no,14,59.045,2.261,116.238
Wta10_17.3.27_3,WT,T1,no,15,49.733,1.542,117.78
Wta10_17.3.27_3,WT,T1,no,16,53.94,1.388,119.168
Wta10_17.3.27_3,WT,T1,no,17,52.189,-1.002,118.166
Wta10_17.3.27_3,WT,T1,no,18,54.651,1.932,120.098
Wta10_17.3.27_3,WT,T1,no,19,51.101,1.639,121.737
Wta10_17.3.27_3,WT,T2,no,0,39.287,0,71.85
Wta10_17.3.27_3,WT,T2,no,1,40.66,1.2,73.05
Wta10_17.3.27_3,WT,T2,no,2,42.286,0.69,73.74
Wta10_17.3.27_3,WT,T2,no,3,43.074,0.299,74.039
Wta10_17.3.27_3,WT,T2,no,4,42.127,0.555,74.594
Wta10_17.3.27_3,WT,T2,no,5,42.725,0.557,75.151
Wta10_17.3.27_3,WT,T2,no,6,43.186,0.733,75.884
Wta10_17.3.27_3,WT,T2,no,7,47.018,0.443,76.327
Wta10_17.3.27_3,WT,T2,no,8,46.453,0.456,76.783
Wta10_17.3.27_3,WT,T2,no,9,47.093,1.5,78.283
Wta10_17.3.27_3,WT,T2,no,10,48.597,0.345,78.628
Wta10_17.3.27_3,WT,T2,no,11,46.984,0.345,78.973
Wta10_17.3.27_3,WT,T2,no,12,42.309,1.499,80.472
Wta10_17.3.27_3,WT,T2,no,13,43.215,-0.045,80.427
Wta10_17.3.27_3,WT,T2,no,14,42.261,0.945,81.372
Wta10_17.3.27_3,WT,T2,no,15,39.799,1.844,83.216
Wta10_17.3.27_3,WT,T2,no,16,40.223,0.555,83.771
Wta10_17.3.27_3,WT,T2,no,17,40.322,1.289,85.06
Wta10_17.3.27_3,WT,T2,no,18,40.399,1.245,86.305
Wta10_17.3.27_3,WT,T2,no,19,38.959,1.199,87.504
Wta10_17.3.27_3,WT,T3,no,0,71.392,0,88.949
Wta10_17.3.27_3,WT,T3,no,1,71.392,2.444,91.393
Wta10_17.3.27_3,WT,T3,no,2,69.951,3.6,94.993
Wta10_17.3.27_3,WT,T3,no,3,70.794,1.68,96.673
Wta10_17.3.27_3,WT,T3,no,4,70.304,0.346,97.019
Wta10_17.3.27_3,WT,T3,no,5,68.036,2.097,99.116
Wta10_17.3.27_3,WT,T3,no,6,66.561,1.892,101.008
Wta10_17.3.27_3,WT,T3,no,7,67.951,1.043,102.051
Wta10_17.3.27_3,WT,T3,no,8,71.254,1.021,103.072
Wta10_17.3.27_3,WT,T3,no,9,68.848,1.9,104.972
Wta10_17.3.27_3,WT,T3,no,10,67.92,1.306,106.278
Wta10_17.3.27_3,WT,T3,no,11,66.616,2.854,109.132
Wta10_17.3.27_3,WT,T3,no,12,65.663,0.777,109.909
Wta10_17.3.27_3,WT,T3,no,13,68.119,2.852,112.761
Wta10_17.3.27_3,WT,T3,no,14,64.207,2.382,115.143
Wta10_17.3.27_3,WT,T3,no,15,62.222,1.185,116.328
Wta10_17.3.27_3,WT,T3,no,16,63.831,0.594,116.922
Wta10_17.3.27_3,WT,T3,no,17,63.567,0.239,117.161
Wta10_17.3.27_3,WT,T3,no,18,63.266,0.595,117.756
Wta10_17.3.27_3,WT,T3,no,19,61.885,0,117.756
Wta10_17.3.27_3,WT,T1,yes,0,54.009,0,120.549
Wta10_17.3.27_3,WT,T1,yes,1,46.822,4.584,125.133
Wta10_17.3.27_3,WT,T1,yes,2,51.191,2.264,127.397
Wta10_17.3.27_3,WT,T1,yes,3,53.839,0.406,127.803
Wta10_17.3.27_3,WT,T1,yes,4,56.963,3.08,130.883
Wta10_17.3.27_3,WT,T1,yes,5,59.152,1.685,132.568
Wta10_17.3.27_3,WT,T1,yes,6,56.772,1.338,133.906
Wta10_17.3.27_3,WT,T1,yes,7,61.58,0.18,134.086
Wta10_17.3.27_3,WT,T1,yes,8,57.983,0.579,134.665
Wta10_17.3.27_3,WT,T1,yes,9,60.242,3.256,137.921
Wta10_17.3.27_3,WT,T1,yes,10,65.167,0.183,138.104
Wta10_17.3.27_3,WT,T1,yes,11,61.067,0.857,138.961
Wta10_17.3.27_3,WT,T1,yes,12,56.781,0.583,139.544
Wta10_17.3.27_3,WT,T1,yes,13,60.65,0.582,140.126
Wta10_17.3.27_3,WT,T1,yes,14,55.071,1.585,141.711
Wta10_17.3.27_3,WT,T1,yes,15,56.408,2.248,143.959
Wta10_17.3.27_3,WT,T1,yes,16,61.193,0.583,144.542
Wta10_17.3.27_3,WT,T1,yes,17,63.105,0.751,145.293
Wta10_17.3.27_3,WT,T1,yes,18,64.657,1.165,146.458
Wta10_17.3.27_3,WT,T1,yes,19,65.482,-0.167,146.291
Wta10_17.3.27_3,WT,T2,yes,0,36.471,0,90.298
Wta10_17.3.27_3,WT,T2,yes,1,42.175,0.507,90.805
Wta10_17.3.27_3,WT,T2,yes,2,38.085,1.257,92.062
Wta10_17.3.27_3,WT,T2,yes,3,43.937,0.858,92.92
Wta10_17.3.27_3,WT,T2,yes,4,45.638,0.8,93.72
Wta10_17.3.27_3,WT,T2,yes,5,47.747,0.858,94.578
Wta10_17.3.27_3,WT,T2,yes,6,44.605,0.459,95.037
Wta10_17.3.27_3,WT,T2,yes,7,47.347,1.2,96.237
Wta10_17.3.27_3,WT,T2,yes,8,51.408,0.92,97.157
Wta10_17.3.27_3,WT,T2,yes,9,48.285,0.28,97.437
Wta10_17.3.27_3,WT,T2,yes,10,49.031,1.201,98.638
Wta10_17.3.27_3,WT,T2,yes,11,49.969,0.087,98.725
Wta10_17.3.27_3,WT,T2,yes,12,54.033,0.092,98.817
Wta10_17.3.27_3,WT,T2,yes,13,53.557,1.199,100.016
Wta10_17.3.27_3,WT,T2,yes,14,50.814,0.554,100.57
Wta10_17.3.27_3,WT,T2,yes,15,57.779,0.345,100.915
Wta10_17.3.27_3,WT,T2,yes,16,57.291,1.199,102.114
Wta10_17.3.27_3,WT,T2,yes,17,55.77,0.3,102.414
Wta10_17.3.27_3,WT,T2,yes,18,54.921,0.345,102.759
Wta10_17.3.27_3,WT,T2,yes,19,57.022,0.6,103.359
Wta10_17.3.27_3,WT,T3,yes,0,54.247,0,125.784
Wta10_17.3.27_3,WT,T3,yes,1,57.582,1.205,126.989
Wta10_17.3.27_3,WT,T3,yes,2,57.301,0.535,127.524
Wta10_17.3.27_3,WT,T3,yes,3,60.282,0.74,128.264
Wta10_17.3.27_3,WT,T3,yes,4,64.847,0,128.264
Wta10_17.3.27_3,WT,T3,yes,5,69.819,2.41,130.674
Wta10_17.3.27_3,WT,T3,yes,6,68.161,0.146,130.82
Wta10_17.3.27_3,WT,T3,yes,7,70.397,0.326,131.146
Wta10_17.3.27_3,WT,T3,yes,8,76.581,0.088,131.234
Wta10_17.3.27_3,WT,T3,yes,9,73.135,2.313,133.547
Wta10_17.3.27_3,WT,T3,yes,10,77.434,1.887,135.434
Wta10_17.3.27_3,WT,T3,yes,11,78.688,0.688,136.122
Wta10_17.3.27_3,WT,T3,yes,12,74.736,1.2,137.322
Wta10_17.3.27_3,WT,T3,yes,13,79.142,0.782,138.104
Wta10_17.3.27_3,WT,T3,yes,14,80.855,1.107,139.211
Wta10_17.3.27_3,WT,T3,yes,15,79.654,0.512,139.723
Wta10_17.3.27_3,WT,T3,yes,16,79.543,1.663,141.386
Wta10_17.3.27_3,WT,T3,yes,17,78.796,0.914,142.3
Wta10_17.3.27_3,WT,T3,yes,18,85.463,1.2,143.5
Wta10_17.3.27_3,WT,T3,yes,19,86.116,0.879,144.379
Wta10_17.3.28_2,WT,B1,no,0,60.332,0,190.284
Wta10_17.3.28_2,WT,B1,no,1,67.253,1.143,191.427
Wta10_17.3.28_2,WT,B1,no,2,56.975,1.207,192.634
Wta10_17.3.28_2,WT,B1,no,3,61.355,1.479,194.113
Wta10_17.3.28_2,WT,B1,no,4,61.28,0.633,194.746
Wta10_17.3.28_2,WT,B1,no,5,57.694,0.544,195.29
Wta10_17.3.28_2,WT,B1,no,6,55.169,1.481,196.771
Wta10_17.3.28_2,WT,B1,no,7,58.18,0.878,197.649
Wta10_17.3.28_2,WT,B1,no,8,57.253,2.113,199.762
Wta10_17.3.28_2,WT,B1,no,9,57.333,1.236,200.998
Wta10_17.3.28_2,WT,B1,no,10,55.682,-1,199.998
Wta10_17.3.28_2,WT,B1,no,11,55.975,0.309,200.307
Wta10_17.3.28_2,WT,B1,no,12,56.045,0.565,200.872
Wta10_17.3.28_2,WT,B1,no,13,55.944,0.605,201.477
Wta10_17.3.28_2,WT,B1,no,14,51.945,0.605,202.082
Wta10_17.3.28_2,WT,B1,no,15,53.447,0.606,202.688
Wta10_17.3.28_2,WT,B1,no,16,48.966,0.645,203.333
Wta10_17.3.28_2,WT,B1,no,17,48.131,0.868,204.201
Wta10_17.3.28_2,WT,B1,no,18,50.152,-0.038,204.163
Wta10_17.3.28_2,WT,B1,no,19,46.988,-0.018,204.145
Wta10_17.3.28_2,WT,B2,no,0,67.581,0,179.924
Wta10_17.3.28_2,WT,B2,no,1,70.294,1.748,181.672
Wta10_17.3.28_2,WT,B2,no,2,67.698,1.024,182.696
Wta10_17.3.28_2,WT,B2,no,3,69.079,1.074,183.77
Wta10_17.3.28_2,WT,B2,no,4,68.766,1.108,184.878
Wta10_17.3.28_2,WT,B2,no,5,66.632,0.878,185.756
Wta10_17.3.28_2,WT,B2,no,6,67.727,1.514,187.27
Wta10_17.3.28_2,WT,B2,no,7,64.135,0.795,188.065
Wta10_17.3.28_2,WT,B2,no,8,61.719,0,188.065
Wta10_17.3.28_2,WT,B2,no,9,62.861,0.956,189.021
Wta10_17.3.28_2,WT,B2,no,10,62.812,-1.192,187.829
Wta10_17.3.28_2,WT,B2,no,11,62.095,1.051,188.88
Wta10_17.3.28_2,WT,B2,no,12,69.391,0.446,189.326
Wta10_17.3.28_2,WT,B2,no,13,66.684,0,189.326
Wta10_17.3.28_2,WT,B2,no,14,69.381,0.115,189.441
Wta10_17.3.28_2,WT,B2,no,15,71.631,1.009,190.45
Wta10_17.3.28_2,WT,B2,no,16,70.666,0,190.45
Wta10_17.3.28_2,WT,B2,no,17,67.587,0.448,190.898
Wta10_17.3.28_2,WT,B2,no,18,67.745,0,190.898
Wta10_17.3.28_2,WT,B2,no,19,68.927,0.623,191.521
Wta10_17.3.28_2,WT,B3,no,0,61.815,0,152.341
Wta10_17.3.28_2,WT,B3,no,1,64.606,1.141,153.482
Wta10_17.3.28_2,WT,B3,no,2,64.365,1.554,155.036
Wta10_17.3.28_2,WT,B3,no,3,65.402,0.751,155.787
Wta10_17.3.28_2,WT,B3,no,4,65.939,1.376,157.163
Wta10_17.3.28_2,WT,B3,no,5,65.036,0.78,157.943
Wta10_17.3.28_2,WT,B3,no,6,65.603,-0.106,157.837
Wta10_17.3.28_2,WT,B3,no,7,63.698,1.812,159.649
Wta10_17.3.28_2,WT,B3,no,8,63.579,1.632,161.281
Wta10_17.3.28_2,WT,B3,no,9,62.62,0.106,161.387
Wta10_17.3.28_2,WT,B3,no,10,60.514,1.632,163.019
Wta10_17.3.28_2,WT,B3,no,11,61.944,2.235,165.254
Wta10_17.3.28_2,WT,B3,no,12,60.536,1.03,166.284
Wta10_17.3.28_2,WT,B3,no,13,62.517,0.106,166.39
Wta10_17.3.28_2,WT,B3,no,14,61.266,1.243,167.633
Wta10_17.3.28_2,WT,B3,no,15,61.052,1.064,168.697
Wta10_17.3.28_2,WT,B3,no,16,62.811,0.888,169.585
Wta10_17.3.28_2,WT,B3,no,17,57.221,1.302,170.887
Wta10_17.3.28_2,WT,B3,no,18,58.546,0.863,171.75
Wta10_17.3.28_2,WT,B3,no,19,56.122,1.256,173.006
Wta10_17.3.28_2,WT,B1,yes,0,51.26,0,208.718
Wta10_17.3.28_2,WT,B1,yes,1,54.164,-0.272,208.446
Wta10_17.3.28_2,WT,B1,yes,2,55.417,1.119,209.565
Wta10_17.3.28_2,WT,B1,yes,3,61.937,0,209.565
Wta10_17.3.28_2,WT,B1,yes,4,59.431,-0.028,209.537
Wta10_17.3.28_2,WT,B1,yes,5,59.386,0.274,209.811
Wta10_17.3.28_2,WT,B1,yes,6,59.635,0.302,210.113
Wta10_17.3.28_2,WT,B1,yes,7,60.734,0.906,211.019
Wta10_17.3.28_2,WT,B1,yes,8,61.44,0.879,211.898
Wta10_17.3.28_2,WT,B1,yes,9,71.768,0,211.898
Wta10_17.3.28_2,WT,B1,yes,10,72.424,-0.275,211.623
Wta10_17.3.28_2,WT,B1,yes,11,73.506,0.302,211.925
Wta10_17.3.28_2,WT,B1,yes,12,73.825,0.933,212.858
Wta10_17.3.28_2,WT,B1,yes,13,73.228,-0.631,212.227
Wta10_17.3.28_2,WT,B1,yes,14,75.64,0.302,212.529
Wta10_17.3.28_2,WT,B1,yes,15,75.557,0,212.529
Wta10_17.3.28_2,WT,B1,yes,16,76.983,1.018,213.547
Wta10_17.3.28_2,WT,B1,yes,17,77.291,0.19,213.737
Wta10_17.3.28_2,WT,B1,yes,18,76.042,-0.521,213.216
Wta10_17.3.28_2,WT,B1,yes,19,76.362,1.18,214.396
Wta10_17.3.28_2,WT,B2,yes,0,70.573,0,201.985
Wta10_17.3.28_2,WT,B2,yes,1,71.906,0.031,202.016
Wta10_17.3.28_2,WT,B2,yes,2,74.087,0.832,202.848
Wta10_17.3.28_2,WT,B2,yes,3,75.1,0.555,203.403
Wta10_17.3.28_2,WT,B2,yes,4,75.593,0.555,203.958
Wta10_17.3.28_2,WT,B2,yes,5,80.396,0.799,204.757
Wta10_17.3.28_2,WT,B2,yes,6,85.293,0.591,205.348
Wta10_17.3.28_2,WT,B2,yes,7,82.672,0.121,205.469
Wta10_17.3.28_2,WT,B2,yes,8,85.89,-0.121,205.348
Wta10_17.3.28_2,WT,B2,yes,9,85.813,0.52,205.868
Wta10_17.3.28_2,WT,B2,yes,10,87.203,0.713,206.581
Wta10_17.3.28_2,WT,B2,yes,11,88.759,0.121,206.702
Wta10_17.3.28_2,WT,B2,yes,12,93.455,1.042,207.744
Wta10_17.3.28_2,WT,B2,yes,13,90.19,0.434,208.178
Wta10_17.3.28_2,WT,B2,yes,14,88.279,0.643,208.821
Wta10_17.3.28_2,WT,B2,yes,15,86.894,-0.122,208.699
Wta10_17.3.28_2,WT,B2,yes,16,86.009,0.122,208.821
Wta10_17.3.28_2,WT,B2,yes,17,95.366,1.51,210.331
Wta10_17.3.28_2,WT,B2,yes,18,95.923,0.313,210.644
Wta10_17.3.28_2,WT,B2,yes,19,91.079,0.955,211.599
Wta10_17.3.28_2,WT,B3,yes,0,61.001,0,175.167
Wta10_17.3.28_2,WT,B3,yes,1,58.704,0.312,175.479
Wta10_17.3.28_2,WT,B3,yes,2,58.194,0.465,175.944
Wta10_17.3.28_2,WT,B3,yes,3,61.441,0.104,176.048
Wta10_17.3.28_2,WT,B3,yes,4,64.279,1.169,177.217
Wta10_17.3.28_2,WT,B3,yes,5,64.398,0.674,177.891
Wta10_17.3.28_2,WT,B3,yes,6,65.528,0.39,178.281
Wta10_17.3.28_2,WT,B3,yes,7,68.408,0.747,179.028
Wta10_17.3.28_2,WT,B3,yes,8,70.245,0.57,179.598
Wta10_17.3.28_2,WT,B3,yes,9,70.538,0.674,180.272
Wta10_17.3.28_2,WT,B3,yes,10,72.3,-0.674,179.598
Wta10_17.3.28_2,WT,B3,yes,11,72.08,0.569,180.167
Wta10_17.3.28_2,WT,B3,yes,12,71.343,1.063,181.23
Wta10_17.3.28_2,WT,B3,yes,13,74.215,0.959,182.189
Wta10_17.3.28_2,WT,B3,yes,14,75.463,-0.105,182.084
Wta10_17.3.28_2,WT,B3,yes,15,78.555,0.285,182.369
Wta10_17.3.28_2,WT,B3,yes,16,79.359,0.883,183.252
Wta10_17.3.28_2,WT,B3,yes,17,80.315,-0.313,182.939
Wta10_17.3.28_2,WT,B3,yes,18,79.441,0.597,183.536
Wta10_17.3.28_2,WT,B3,yes,19,80.315,1.559,185.095
IT3a4_17.3.30_1,iT3,T1,no,0,95.412,0,209.947
IT3a4_17.3.30_1,iT3,T1,no,1,91.926,3.08,213.027
IT3a4_17.3.30_1,iT3,T1,no,2,94.942,3.252,216.279
IT3a4_17.3.30_1,iT3,T1,no,3,93.708,4.244,220.523
IT3a4_17.3.30_1,iT3,T1,no,4,88.817,2.913,223.436
IT3a4_17.3.30_1,iT3,T1,no,5,88.308,3.832,227.268
IT3a4_17.3.30_1,iT3,T1,no,6,86.125,2.499,229.767
IT3a4_17.3.30_1,iT3,T1,no,7,85.826,3.082,232.849
IT3a4_17.3.30_1,iT3,T1,no,8,80.612,3.5,236.349
IT3a4_17.3.30_1,iT3,T1,no,9,81.646,2.92,239.269
IT3a4_17.3.30_1,iT3,T1,no,10,83.276,3.577,242.846
IT3a4_17.3.30_1,iT3,T1,no,11,87.643,2.917,245.763
IT3a4_17.3.30_1,iT3,T1,no,12,90.71,2.5,248.263
IT3a4_17.3.30_1,iT3,T1,no,13,96.298,3.414,251.677
IT3a4_17.3.30_1,iT3,T1,no,14,91.692,1.75,253.427
IT3a4_17.3.30_1,iT3,T1,no,15,90.864,2.25,255.677
IT3a4_17.3.30_1,iT3,T1,no,16,88.162,2.838,258.515
IT3a4_17.3.30_1,iT3,T1,no,17,85.712,2.329,260.844
IT3a4_17.3.30_1,iT3,T1,no,18,83.382,2.499,263.343
IT3a4_17.3.30_1,iT3,T1,no,19,86.287,4.247,267.59
IT3a4_17.3.30_1,iT3,B1,no,0,118.054,0,226.829
IT3a4_17.3.30_1,iT3,B1,no,1,121.246,1.307,228.136
IT3a4_17.3.30_1,iT3,B1,no,2,122.044,0.363,228.499
IT3a4_17.3.30_1,iT3,B1,no,3,128.56,1.787,230.286
IT3a4_17.3.30_1,iT3,B1,no,4,127.516,1.676,231.962
IT3a4_17.3.30_1,iT3,B1,no,5,131.084,0.821,232.783
IT3a4_17.3.30_1,iT3,B1,no,6,132.15,1.192,233.975
IT3a4_17.3.30_1,iT3,B1,no,7,135.752,3.576,237.551
IT3a4_17.3.30_1,iT3,B1,no,8,137.924,-1.522,236.029
IT3a4_17.3.30_1,iT3,B1,no,9,138.62,0.926,236.955
IT3a4_17.3.30_1,iT3,B1,no,10,139.326,3.688,240.643
IT3a4_17.3.30_1,iT3,B1,no,11,141.851,0,240.643
IT3a4_17.3.30_1,iT3,B1,no,12,140.671,1.192,241.835
IT3a4_17.3.30_1,iT3,B1,no,13,142.784,3.47,245.305
IT3a4_17.3.30_1,iT3,B1,no,14,143.317,-0.704,244.601
IT3a4_17.3.30_1,iT3,B1,no,15,144.115,2.006,246.607
IT3a4_17.3.30_1,iT3,B1,no,16,150.273,2.28,248.887
IT3a4_17.3.30_1,iT3,B1,no,17,145.589,0.704,249.591
IT3a4_17.3.30_1,iT3,B1,no,18,144.67,2.388,251.979
IT3a4_17.3.30_1,iT3,B1,no,19,135.875,2.006,253.985
IT3a4_17.3.30_1,iT3,B2,no,0,79.217,0,259.906
IT3a4_17.3.30_1,iT3,B2,no,1,80.433,3.636,263.542
IT3a4_17.3.30_1,iT3,B2,no,2,85.171,2.973,266.515
IT3a4_17.3.30_1,iT3,B2,no,3,88.337,4.573,271.088
IT3a4_17.3.30_1,iT3,B2,no,4,89.922,2.577,273.665
IT3a4_17.3.30_1,iT3,B2,no,5,90.433,4.302,277.967
IT3a4_17.3.30_1,iT3,B2,no,6,89.831,2.849,280.816
IT3a4_17.3.30_1,iT3,B2,no,7,88.26,3.334,284.15
IT3a4_17.3.30_1,iT3,B2,no,8,84.543,2.334,286.484
IT3a4_17.3.30_1,iT3,B2,no,9,83.762,3.912,290.396
IT3a4_17.3.30_1,iT3,B2,no,10,84.756,2.454,292.85
IT3a4_17.3.30_1,iT3,B2,no,11,86.312,2.341,295.191
IT3a4_17.3.30_1,iT3,B2,no,12,90.086,3.035,298.226
IT3a4_17.3.30_1,iT3,B2,no,13,91.865,3.621,301.847
IT3a4_17.3.30_1,iT3,B2,no,14,95.124,3.039,304.886
IT3a4_17.3.30_1,iT3,B2,no,15,100.307,4.119,309.005
IT3a4_17.3.30_1,iT3,B2,no,16,108.304,2.549,311.554
IT3a4_17.3.30_1,iT3,B2,no,17,111.306,2.745,314.299
IT3a4_17.3.30_1,iT3,B2,no,18,109.755,4.021,318.32
IT3a4_17.3.30_1,iT3,B2,no,19,108.446,3.925,322.245
IT3a4_17.3.30_1,iT3,B3,no,0,123.016,0,169.169
IT3a4_17.3.30_1,iT3,B3,no,1,124.072,2.943,172.112
IT3a4_17.3.30_1,iT3,B3,no,2,126.445,2.542,174.654
IT3a4_17.3.30_1,iT3,B3,no,3,130.365,2.358,177.012
IT3a4_17.3.30_1,iT3,B3,no,4,134.535,2.644,179.656
IT3a4_17.3.30_1,iT3,B3,no,5,126.938,2.746,182.402
IT3a4_17.3.30_1,iT3,B3,no,6,129.821,2.945,185.347
IT3a4_17.3.30_1,iT3,B3,no,7,132.811,2.842,188.189
IT3a4_17.3.30_1,iT3,B3,no,8,130.917,0.985,189.174
IT3a4_17.3.30_1,iT3,B3,no,9,133.409,2.25,191.424
IT3a4_17.3.30_1,iT3,B3,no,10,129.527,3.334,194.758
IT3a4_17.3.30_1,iT3,B3,no,11,125.57,0.784,195.542
IT3a4_17.3.30_1,iT3,B3,no,12,124.457,1.472,197.014
IT3a4_17.3.30_1,iT3,B3,no,13,128.337,4.021,201.035
IT3a4_17.3.30_1,iT3,B3,no,14,124.125,1.373,202.408
IT3a4_17.3.30_1,iT3,B3,no,15,121.04,2.06,204.468
IT3a4_17.3.30_1,iT3,B3,no,16,122.321,4.218,208.686
IT3a4_17.3.30_1,iT3,B3,no,17,128.236,1.568,210.254
IT3a4_17.3.30_1,iT3,B3,no,18,132.862,1.861,212.115
IT3a4_17.3.30_1,iT3,B3,no,19,131.06,4.023,216.138
IT3a4_17.3.30_1,iT3,B4,no,0,136.072,0,192.695
IT3a4_17.3.30_1,iT3,B4,no,1,136.744,1.836,194.531
IT3a4_17.3.30_1,iT3,B4,no,2,137.894,1.739,196.27
IT3a4_17.3.30_1,iT3,B4,no,3,141.833,3.504,199.774
IT3a4_17.3.30_1,iT3,B4,no,4,136.399,1.414,201.188
IT3a4_17.3.30_1,iT3,B4,no,5,138.499,3.404,204.592
IT3a4_17.3.30_1,iT3,B4,no,6,135.255,3.03,207.622
IT3a4_17.3.30_1,iT3,B4,no,7,138.57,2.135,209.757
IT3a4_17.3.30_1,iT3,B4,no,8,136.909,2.123,211.88
IT3a4_17.3.30_1,iT3,B4,no,9,143.566,2.38,214.26
IT3a4_17.3.30_1,iT3,B4,no,10,147.375,2.229,216.489
IT3a4_17.3.30_1,iT3,B4,no,11,143.447,2.214,218.703
IT3a4_17.3.30_1,iT3,B4,no,12,137.503,1.82,220.523
IT3a4_17.3.30_1,iT3,B4,no,13,145.004,3.331,223.854
IT3a4_17.3.30_1,iT3,B4,no,14,134.883,2.061,225.915
IT3a4_17.3.30_1,iT3,B4,no,15,126.729,1.983,227.898
IT3a4_17.3.30_1,iT3,B4,no,16,126.938,3.65,231.548
IT3a4_17.3.30_1,iT3,B4,no,17,121.919,3.017,234.565
IT3a4_17.3.30_1,iT3,B4,no,18,113.712,3.331,237.896
IT3a4_17.3.30_1,iT3,B4,no,19,103.724,4.124,242.02
IT3a4_17.3.30_1,iT3,T1,yes,0,69.437,0,253.273
IT3a4_17.3.30_1,iT3,T1,yes,1,62.977,0.673,253.946
IT3a4_17.3.30_1,iT3,T1,yes,2,62.1,0.321,254.267
IT3a4_17.3.30_1,iT3,T1,yes,3,55.669,0.607,254.874
IT3a4_17.3.30_1,iT3,T1,yes,4,55.55,-0.217,254.657
IT3a4_17.3.30_1,iT3,T1,yes,5,60.325,0.606,255.263
IT3a4_17.3.30_1,iT3,T1,yes,6,59.353,1.277,256.54
IT3a4_17.3.30_1,iT3,T1,yes,7,63.552,0.671,257.211
IT3a4_17.3.30_1,iT3,T1,yes,8,67.234,1.215,258.426
IT3a4_17.3.30_1,iT3,T1,yes,9,62.927,1.666,260.092
IT3a4_17.3.30_1,iT3,T1,yes,10,69.144,1.557,261.649
IT3a4_17.3.30_1,iT3,T1,yes,11,67.564,1.331,262.98
IT3a4_17.3.30_1,iT3,T1,yes,12,68.317,1.503,264.483
IT3a4_17.3.30_1,iT3,T1,yes,13,70.989,0.615,265.098
IT3a4_17.3.30_1,iT3,T1,yes,14,66.175,1.507,266.605
IT3a4_17.3.30_1,iT3,T1,yes,15,69.621,0.89,267.495
IT3a4_17.3.30_1,iT3,T1,yes,16,70.646,1.511,269.006
IT3a4_17.3.30_1,iT3,T1,yes,17,70.011,3.257,272.263
IT3a4_17.3.30_1,iT3,T1,yes,18,68.279,0.616,272.879
IT3a4_17.3.30_1,iT3,T1,yes,19,69.045,0.936,273.815
IT3a4_17.3.30_1,iT3,B1,yes,0,118.665,0,264.092
IT3a4_17.3.30_1,iT3,B1,yes,1,119.097,0.131,264.223
IT3a4_17.3.30_1,iT3,B1,yes,2,115.313,1.076,265.299
IT3a4_17.3.30_1,iT3,B1,yes,3,112.868,0.667,265.966
IT3a4_17.3.30_1,iT3,B1,yes,4,112.243,0.603,266.569
IT3a4_17.3.30_1,iT3,B1,yes,5,107.393,1.08,267.649
IT3a4_17.3.30_1,iT3,B1,yes,6,110.41,1.935,269.584
IT3a4_17.3.30_1,iT3,B1,yes,7,109.185,-0.063,269.521
IT3a4_17.3.30_1,iT3,B1,yes,8,106.144,2.476,271.997
IT3a4_17.3.30_1,iT3,B1,yes,9,111.701,-1.27,270.727
IT3a4_17.3.30_1,iT3,B1,yes,10,112.209,0.542,271.269
IT3a4_17.3.30_1,iT3,B1,yes,11,109.783,1.331,272.6
IT3a4_17.3.30_1,iT3,B1,yes,12,106.76,1.144,273.744
IT3a4_17.3.30_1,iT3,B1,yes,13,106.165,1.269,275.013
IT3a4_17.3.30_1,iT3,B1,yes,14,107.351,1.748,276.761
IT3a4_17.3.30_1,iT3,B1,yes,15,107.959,1.146,277.907
IT3a4_17.3.30_1,iT3,B1,yes,16,104.362,0.664,278.571
IT3a4_17.3.30_1,iT3,B1,yes,17,100.768,0.665,279.236
IT3a4_17.3.30_1,iT3,B1,yes,18,103.15,1.749,280.985
IT3a4_17.3.30_1,iT3,B1,yes,19,106.883,0.429,281.414
IT3a4_17.3.30_1,iT3,B2,yes,0,110.882,0,338.314
IT3a4_17.3.30_1,iT3,B2,yes,1,114.267,1.047,339.361
IT3a4_17.3.30_1,iT3,B2,yes,2,114.172,0.464,339.825
IT3a4_17.3.30_1,iT3,B2,yes,3,115.465,0.465,340.29
IT3a4_17.3.30_1,iT3,B2,yes,4,119.351,1.907,342.197
IT3a4_17.3.30_1,iT3,B2,yes,5,122.166,2.034,344.231
IT3a4_17.3.30_1,iT3,B2,yes,6,126.132,1.778,346.009
IT3a4_17.3.30_1,iT3,B2,yes,7,129.887,2.5,348.509
IT3a4_17.3.30_1,iT3,B2,yes,8,135.36,1.651,350.16
IT3a4_17.3.30_1,iT3,B2,yes,9,141.694,2.627,352.787
IT3a4_17.3.30_1,iT3,B2,yes,10,141.907,1.779,354.566
IT3a4_17.3.30_1,iT3,B2,yes,11,143.447,1.57,356.136
IT3a4_17.3.30_1,iT3,B2,yes,12,145.125,1.907,358.043
IT3a4_17.3.30_1,iT3,B2,yes,13,149.179,3.684,361.727
IT3a4_17.3.30_1,iT3,B2,yes,14,155.474,1.778,363.505
IT3a4_17.3.30_1,iT3,B2,yes,15,152.493,0.391,363.896
IT3a4_17.3.30_1,iT3,B2,yes,16,162.481,2.238,366.134
IT3a4_17.3.30_1,iT3,B2,yes,17,163.423,0.854,366.988
IT3a4_17.3.30_1,iT3,B2,yes,18,161.175,2.5,369.488
IT3a4_17.3.30_1,iT3,B2,yes,19,170.504,1.776,371.264
IT3a4_17.3.30_1,iT3,B3,yes,0,132.489,0,235.937
IT3a4_17.3.30_1,iT3,B3,yes,1,138.666,0.681,236.618
IT3a4_17.3.30_1,iT3,B3,yes,2,147.135,0.459,237.077
IT3a4_17.3.30_1,iT3,B3,yes,3,165.84,2.859,239.936
IT3a4_17.3.30_1,iT3,B3,yes,4,173.702,2.241,242.177
IT3a4_17.3.30_1,iT3,B3,yes,5,180.121,2.56,244.737
IT3a4_17.3.30_1,iT3,B3,yes,6,184.242,1.437,246.174
IT3a4_17.3.30_1,iT3,B3,yes,7,182.201,1.66,247.834
IT3a4_17.3.30_1,iT3,B3,yes,8,185.135,2.398,250.232
IT3a4_17.3.30_1,iT3,B3,yes,9,190.416,1.6,251.832
IT3a4_17.3.30_1,iT3,B3,yes,10,202.765,0.92,252.752
IT3a4_17.3.30_1,iT3,B3,yes,11,201.236,3.259,256.011
IT3a4_17.3.30_1,iT3,B3,yes,12,203.8,2.398,258.409
IT3a4_17.3.30_1,iT3,B3,yes,13,211.859,0.522,258.931
IT3a4_17.3.30_1,iT3,B3,yes,14,205.524,3.32,262.251
IT3a4_17.3.30_1,iT3,B3,yes,15,204.243,2.459,264.71
IT3a4_17.3.30_1,iT3,B3,yes,16,209.133,3.197,267.907
IT3a4_17.3.30_1,iT3,B3,yes,17,208.908,1.938,269.845
IT3a4_17.3.30_1,iT3,B3,yes,18,217.557,2.46,272.305
IT3a4_17.3.30_1,iT3,B3,yes,19,220.567,1.14,273.445
IT3a4_17.3.30_1,iT3,B4,yes,0,104.071,0,232.378
IT3a4_17.3.30_1,iT3,B4,yes,1,102.859,-0.12,232.258
IT3a4_17.3.30_1,iT3,B4,yes,2,111.047,2.024,234.282
IT3a4_17.3.30_1,iT3,B4,yes,3,116.35,2.537,236.819
IT3a4_17.3.30_1,iT3,B4,yes,4,116.7,2.942,239.761
IT3a4_17.3.30_1,iT3,B4,yes,5,121.186,1.65,241.411
IT3a4_17.3.30_1,iT3,B4,yes,6,122.76,3.067,244.478
IT3a4_17.3.30_1,iT3,B4,yes,7,117.312,1.914,246.392
IT3a4_17.3.30_1,iT3,B4,yes,8,129.652,3.075,249.467
IT3a4_17.3.30_1,iT3,B4,yes,9,135.489,2.818,252.285
IT3a4_17.3.30_1,iT3,B4,yes,10,142.25,1.905,254.19
IT3a4_17.3.30_1,iT3,B4,yes,11,147.201,1.92,256.11
IT3a4_17.3.30_1,iT3,B4,yes,12,151.393,3.586,259.696
IT3a4_17.3.30_1,iT3,B4,yes,13,155.085,3.066,262.762
IT3a4_17.3.30_1,iT3,B4,yes,14,150.515,2.425,265.187
IT3a4_17.3.30_1,iT3,B4,yes,15,157.462,2.431,267.618
IT3a4_17.3.30_1,iT3,B4,yes,16,161.347,2.298,269.916
IT3a4_17.3.30_1,iT3,B4,yes,17,163.132,2.302,272.218
IT3a4_17.3.30_1,iT3,B4,yes,18,166.699,1.025,273.243
IT3a4_17.3.30_1,iT3,B4,yes,19,170.344,2.305,275.548
IT3a4_17.3.30_3,iT3,T1,no,0,94.751,0,127.752
IT3a4_17.3.30_3,iT3,T1,no,1,99.408,2.622,130.374
IT3a4_17.3.30_3,iT3,T1,no,2,99.419,0.726,131.1
IT3a4_17.3.30_3,iT3,T1,no,3,100.357,1.808,132.908
IT3a4_17.3.30_3,iT3,T1,no,4,101.85,1.724,134.632
IT3a4_17.3.30_3,iT3,T1,no,5,99.283,2.084,136.716
IT3a4_17.3.30_3,iT3,T1,no,6,101.443,2.006,138.722
IT3a4_17.3.30_3,iT3,T1,no,7,98.36,1.366,140.088
IT3a4_17.3.30_3,iT3,T1,no,8,92.92,1.624,141.712
IT3a4_17.3.30_3,iT3,T1,no,9,92.791,1.356,143.068
IT3a4_17.3.30_3,iT3,T1,no,10,88.021,1.886,144.954
IT3a4_17.3.30_3,iT3,T1,no,11,82.051,0.452,145.406
IT3a4_17.3.30_3,iT3,T1,no,12,80.861,1.436,146.842
IT3a4_17.3.30_3,iT3,T1,no,13,80.531,1.796,148.638
IT3a4_17.3.30_3,iT3,T1,no,14,80.045,1.536,150.174
IT3a4_17.3.30_3,iT3,T1,no,15,81.622,2.084,152.258
IT3a4_17.3.30_3,iT3,T1,no,16,84.538,1.443,153.701
IT3a4_17.3.30_3,iT3,T1,no,17,85.36,1.269,154.97
IT3a4_17.3.30_3,iT3,T1,no,18,91.315,1.992,156.962
IT3a4_17.3.30_3,iT3,T1,no,19,89.37,1.541,158.503
IT3a4_17.3.30_3,iT3,T2,no,0,60.224,0,102.769
IT3a4_17.3.30_3,iT3,T2,no,1,58.05,1.973,104.742
IT3a4_17.3.30_3,iT3,T2,no,2,63.334,1.63,106.372
IT3a4_17.3.30_3,iT3,T2,no,3,60.9,1.248,107.62
IT3a4_17.3.30_3,iT3,T2,no,4,60.626,1.803,109.423
IT3a4_17.3.30_3,iT3,T2,no,5,62.529,1.907,111.33
IT3a4_17.3.30_3,iT3,T2,no,6,63.469,1.005,112.335
IT3a4_17.3.30_3,iT3,T2,no,7,62.655,1.942,114.277
IT3a4_17.3.30_3,iT3,T2,no,8,64.962,1.421,115.698
IT3a4_17.3.30_3,iT3,T2,no,9,67.216,1.492,117.19
IT3a4_17.3.30_3,iT3,T2,no,10,69.512,1.456,118.646
IT3a4_17.3.30_3,iT3,T2,no,11,69.589,1.734,120.38
IT3a4_17.3.30_3,iT3,T2,no,12,70.455,1.667,122.047
IT3a4_17.3.30_3,iT3,T2,no,13,68.87,1.775,123.822
IT3a4_17.3.30_3,iT3,T2,no,14,70.017,1.563,125.385
IT3a4_17.3.30_3,iT3,T2,no,15,67.507,1.973,127.358
IT3a4_17.3.30_3,iT3,T2,no,16,73.235,2.334,129.692
IT3a4_17.3.30_3,iT3,T2,no,17,74.266,0.729,130.421
IT3a4_17.3.30_3,iT3,T2,no,18,74.494,1.628,132.049
IT3a4_17.3.30_3,iT3,T2,no,19,71.729,2.079,134.128
IT3a4_17.3.30_3,iT3,T1,yes,0,86.412,0,161.009
IT3a4_17.3.30_3,iT3,T1,yes,1,83.909,0.336,161.345
IT3a4_17.3.30_3,iT3,T1,yes,2,84.668,0,161.345
IT3a4_17.3.30_3,iT3,T1,yes,3,86.441,0.405,161.75
IT3a4_17.3.30_3,iT3,T1,yes,4,90.131,-0.201,161.549
IT3a4_17.3.30_3,iT3,T1,yes,5,89.193,0.408,161.957
IT3a4_17.3.30_3,iT3,T1,yes,6,88.995,0,161.957
IT3a4_17.3.30_3,iT3,T1,yes,7,90.763,0.747,162.704
IT3a4_17.3.30_3,iT3,T1,yes,8,90.596,0.204,162.908
IT3a4_17.3.30_3,iT3,T1,yes,9,91.532,0.336,163.244
IT3a4_17.3.30_3,iT3,T1,yes,10,94.605,0.408,163.652
IT3a4_17.3.30_3,iT3,T1,yes,11,93.885,0.069,163.721
IT3a4_17.3.30_3,iT3,T1,yes,12,93.775,-0.131,163.59
IT3a4_17.3.30_3,iT3,T1,yes,13,95.653,0.747,164.337
IT3a4_17.3.30_3,iT3,T1,yes,14,96.592,0.678,165.015
IT3a4_17.3.30_3,iT3,T1,yes,15,98.024,1.157,166.172
IT3a4_17.3.30_3,iT3,T1,yes,16,107.725,1.028,167.2
IT3a4_17.3.30_3,iT3,T1,yes,17,110.257,0.48,167.68
IT3a4_17.3.30_3,iT3,T1,yes,18,111.088,0.812,168.492
IT3a4_17.3.30_3,iT3,T1,yes,19,110.223,1.561,170.053
IT3a4_17.3.30_3,iT3,T2,yes,0,55.969,0,139.76
IT3a4_17.3.30_3,iT3,T2,yes,1,51.177,0.278,140.038
IT3a4_17.3.30_3,iT3,T2,yes,2,49.985,-0.104,139.934
IT3a4_17.3.30_3,iT3,T2,yes,3,43.493,0.173,140.107
IT3a4_17.3.30_3,iT3,T2,yes,4,41.801,0.069,140.176
IT3a4_17.3.30_3,iT3,T2,yes,5,49.15,0.815,140.991
IT3a4_17.3.30_3,iT3,T2,yes,6,49.797,-0.241,140.75
IT3a4_17.3.30_3,iT3,T2,yes,7,50.982,0.173,140.923
IT3a4_17.3.30_3,iT3,T2,yes,8,53.681,1.006,141.929
IT3a4_17.3.30_3,iT3,T2,yes,9,49.637,0.761,142.69
IT3a4_17.3.30_3,iT3,T2,yes,10,53.077,0.797,143.487
IT3a4_17.3.30_3,iT3,T2,yes,11,50.471,0.347,143.834
IT3a4_17.3.30_3,iT3,T2,yes,12,52.988,1.006,144.84
IT3a4_17.3.30_3,iT3,T2,yes,13,53.828,0.728,145.568
IT3a4_17.3.30_3,iT3,T2,yes,14,55.683,0.173,145.741
IT3a4_17.3.30_3,iT3,T2,yes,15,65.382,0.625,146.366
IT3a4_17.3.30_3,iT3,T2,yes,16,71.315,0.588,146.954
IT3a4_17.3.30_3,iT3,T2,yes,17,71.165,0.868,147.822
IT3a4_17.3.30_3,iT3,T2,yes,18,74.437,1.109,148.931
IT3a4_17.3.30_3,iT3,T2,yes,19,74.851,1.005,149.936
IT3a4_17.4.1_1,iT3,T2,no,0,77,0,90.684
IT3a4_17.4.1_1,iT3,T2,no,1,79.151,1.222,91.906
IT3a4_17.4.1_1,iT3,T2,no,2,77.76,1.438,93.344
IT3a4_17.4.1_1,iT3,T2,no,3,77.744,1.43,94.774
IT3a4_17.4.1_1,iT3,T2,no,4,77.612,1.526,96.3
IT3a4_17.4.1_1,iT3,T2,no,5,74.672,1.287,97.587
IT3a4_17.4.1_1,iT3,T2,no,6,71.48,1.472,99.059
IT3a4_17.4.1_1,iT3,T2,no,7,68.791,1.199,100.258
IT3a4_17.4.1_1,iT3,T2,no,8,68.193,0.592,100.85
IT3a4_17.4.1_1,iT3,T2,no,9,65.322,1.456,102.306
IT3a4_17.4.1_1,iT3,T2,no,10,65.926,1.495,103.801
IT3a4_17.4.1_1,iT3,T2,no,11,65.099,1.157,104.958
IT3a4_17.4.1_1,iT3,T2,no,12,69.004,0.699,105.657
IT3a4_17.4.1_1,iT3,T2,no,13,67.294,1.289,106.946
IT3a4_17.4.1_1,iT3,T2,no,14,66.916,0.965,107.911
IT3a4_17.4.1_1,iT3,T2,no,15,65.739,1.085,108.996
IT3a4_17.4.1_1,iT3,T2,no,16,67.535,1.234,110.23
IT3a4_17.4.1_1,iT3,T2,no,17,64.841,0.944,111.174
IT3a4_17.4.1_1,iT3,T2,no,18,64.881,1.117,112.291
IT3a4_17.4.1_1,iT3,T2,no,19,64.881,1.356,113.647
IT3a4_17.4.1_1,iT3,T1,no,0,33.374,0,127.941
IT3a4_17.4.1_1,iT3,T1,no,1,38.35,0.911,128.852
IT3a4_17.4.1_1,iT3,T1,no,2,37.749,0.758,129.61
IT3a4_17.4.1_1,iT3,T1,no,3,40.007,0.678,130.288
IT3a4_17.4.1_1,iT3,T1,no,4,43.203,0.479,130.767
IT3a4_17.4.1_1,iT3,T1,no,5,41.937,0.971,131.738
IT3a4_17.4.1_1,iT3,T1,no,6,38.491,0.884,132.622
IT3a4_17.4.1_1,iT3,T1,no,7,39.638,0.589,133.211
IT3a4_17.4.1_1,iT3,T1,no,8,41.836,0.959,134.17
IT3a4_17.4.1_1,iT3,T1,no,9,40.274,1.093,135.263
IT3a4_17.4.1_1,iT3,T1,no,10,40.708,0.959,136.222
IT3a4_17.4.1_1,iT3,T1,no,11,39.755,0.455,136.677
IT3a4_17.4.1_1,iT3,T1,no,12,39.504,1.017,137.694
IT3a4_17.4.1_1,iT3,T1,no,13,42.191,0.643,138.337
IT3a4_17.4.1_1,iT3,T1,no,14,41.937,0.678,139.015
IT3a4_17.4.1_1,iT3,T1,no,15,40.708,0.547,139.562
IT3a4_17.4.1_1,iT3,T1,no,16,40.145,1.561,141.123
IT3a4_17.4.1_1,iT3,T1,no,17,39.819,0.971,142.094
IT3a4_17.4.1_1,iT3,T1,no,18,40.007,0.547,142.641
IT3a4_17.4.1_1,iT3,T1,no,19,42.456,0.773,143.414
IT3a4_17.4.1_1,iT3,B1,no,0,42.662,0,110.917
IT3a4_17.4.1_1,iT3,B1,no,1,40.754,0.663,111.58
IT3a4_17.4.1_1,iT3,B1,no,2,38.983,0.077,111.657
IT3a4_17.4.1_1,iT3,B1,no,3,35.672,1.699,113.356
IT3a4_17.4.1_1,iT3,B1,no,4,35.672,-0.426,112.93
IT3a4_17.4.1_1,iT3,B1,no,5,36.041,1.012,113.942
IT3a4_17.4.1_1,iT3,B1,no,6,35.785,0.957,114.899
IT3a4_17.4.1_1,iT3,B1,no,7,33.377,-0.506,114.393
IT3a4_17.4.1_1,iT3,B1,no,8,31.843,1.037,115.43
IT3a4_17.4.1_1,iT3,B1,no,9,31.945,-0.14,115.29
IT3a4_17.4.1_1,iT3,B1,no,10,34.641,1.049,116.339
IT3a4_17.4.1_1,iT3,B1,no,11,31.945,1.05,117.389
IT3a4_17.4.1_1,iT3,B1,no,12,31.028,0,117.389
IT3a4_17.4.1_1,iT3,B1,no,13,33.293,0.856,118.245
IT3a4_17.4.1_1,iT3,B1,no,14,34.921,1.443,119.688
IT3a4_17.4.1_1,iT3,B1,no,15,37.731,0.959,120.647
IT3a4_17.4.1_1,iT3,B1,no,16,37.339,0,120.647
IT3a4_17.4.1_1,iT3,B1,no,17,35.455,0.662,121.309
IT3a4_17.4.1_1,iT3,B1,no,18,33.544,0.671,121.98
IT3a4_17.4.1_1,iT3,B1,no,19,34.504,0.767,122.747
IT3a4_17.4.1_1,iT3,T2,yes,0,57.335,0,123.771
IT3a4_17.4.1_1,iT3,T2,yes,1,63.982,1.026,124.797
IT3a4_17.4.1_1,iT3,T2,yes,2,66.916,0.383,125.18
IT3a4_17.4.1_1,iT3,T2,yes,3,69.613,0.645,125.825
IT3a4_17.4.1_1,iT3,T2,yes,4,72.511,0.251,126.076
IT3a4_17.4.1_1,iT3,T2,yes,5,77.139,0.765,126.841
IT3a4_17.4.1_1,iT3,T2,yes,6,78.7,0.131,126.972
IT3a4_17.4.1_1,iT3,T2,yes,7,81.352,0.382,127.354
IT3a4_17.4.1_1,iT3,T2,yes,8,83.529,0.514,127.868
IT3a4_17.4.1_1,iT3,T2,yes,9,84.152,0,127.868
IT3a4_17.4.1_1,iT3,T2,yes,10,83.369,0.122,127.99
IT3a4_17.4.1_1,iT3,T2,yes,11,84.262,0.512,128.502
IT3a4_17.4.1_1,iT3,T2,yes,12,87.078,-0.512,127.99
IT3a4_17.4.1_1,iT3,T2,yes,13,87.203,0.895,128.885
IT3a4_17.4.1_1,iT3,T2,yes,14,88.353,0.513,129.398
IT3a4_17.4.1_1,iT3,T2,yes,15,90.398,0.383,129.781
IT3a4_17.4.1_1,iT3,T2,yes,16,92.833,-0.513,129.268
IT3a4_17.4.1_1,iT3,T2,yes,17,96.537,0.513,129.781
IT3a4_17.4.1_1,iT3,T2,yes,18,99.095,-0.257,129.524
IT3a4_17.4.1_1,iT3,T2,yes,19,99.355,-0.256,129.268
IT3a4_17.4.1_1,iT3,T1,yes,0,37.466,0,136.464
IT3a4_17.4.1_1,iT3,T1,yes,1,39.175,0.132,136.596
IT3a4_17.4.1_1,iT3,T1,yes,2,44.501,0.17,136.766
IT3a4_17.4.1_1,iT3,T1,yes,3,45.036,-0.17,136.596
IT3a4_17.4.1_1,iT3,T1,yes,4,47.307,0.511,137.107
IT3a4_17.4.1_1,iT3,T1,yes,5,48.822,0.026,137.133
IT3a4_17.4.1_1,iT3,T1,yes,6,49.274,0.707,137.84
IT3a4_17.4.1_1,iT3,T1,yes,7,51.63,-0.537,137.303
IT3a4_17.4.1_1,iT3,T1,yes,8,53.343,0.765,138.068
IT3a4_17.4.1_1,iT3,T1,yes,9,53.62,-0.399,137.669
IT3a4_17.4.1_1,iT3,T1,yes,10,54.428,0.934,138.603
IT3a4_17.4.1_1,iT3,T1,yes,11,55.516,0,138.603
IT3a4_17.4.1_1,iT3,T1,yes,12,55.793,0.904,139.507
IT3a4_17.4.1_1,iT3,T1,yes,13,59.221,-1.103,138.404
IT3a4_17.4.1_1,iT3,T1,yes,14,64.192,-0.198,138.206
IT3a4_17.4.1_1,iT3,T1,yes,15,64.745,0.397,138.603
IT3a4_17.4.1_1,iT3,T1,yes,16,64.853,0.168,138.771
IT3a4_17.4.1_1,iT3,T1,yes,17,63.835,-1.102,137.669
IT3a4_17.4.1_1,iT3,T1,yes,18,63.929,1.102,138.771
IT3a4_17.4.1_1,iT3,T1,yes,19,63.201,-0.76,138.011
IT3a4_17.4.1_1,iT3,B1,yes,0,35.365,0,119.104
IT3a4_17.4.1_1,iT3,B1,yes,1,33.551,0.513,119.617
IT3a4_17.4.1_1,iT3,B1,yes,2,33.142,0.637,120.254
IT3a4_17.4.1_1,iT3,B1,yes,3,31.799,2.045,122.299
IT3a4_17.4.1_1,iT3,B1,yes,4,30.327,-1.15,121.149
IT3a4_17.4.1_1,iT3,B1,yes,5,30.881,1.408,122.557
IT3a4_17.4.1_1,iT3,B1,yes,6,29.743,-0.252,122.305
IT3a4_17.4.1_1,iT3,B1,yes,7,28.7,-0.131,122.174
IT3a4_17.4.1_1,iT3,B1,yes,8,27.504,0.383,122.557
IT3a4_17.4.1_1,iT3,B1,yes,9,24.345,0.911,123.468
IT3a4_17.4.1_1,iT3,B1,yes,10,27.335,0.881,124.349
IT3a4_17.4.1_1,iT3,B1,yes,11,28.086,-0.896,123.453
IT3a4_17.4.1_1,iT3,B1,yes,12,27.96,0,123.453
IT3a4_17.4.1_1,iT3,B1,yes,13,29.613,1.532,124.985
IT3a4_17.4.1_1,iT3,B1,yes,14,25.317,0.129,125.114
IT3a4_17.4.1_1,iT3,B1,yes,15,33.441,0.766,125.88
IT3a4_17.4.1_1,iT3,B1,yes,16,39.352,0.384,126.264
IT3a4_17.4.1_1,iT3,B1,yes,17,44.222,-0.256,126.008
IT3a4_17.4.1_1,iT3,B1,yes,18,40.151,0.384,126.392
IT3a4_17.4.1_1,iT3,B1,yes,19,39.317,-0.384,126.008
